Ticker,Name
SFM,SPROUTS FARMERS MARKET INC
INSM,INSMED INC
FTAI,FTAI AVIATION LTD
AIT,APPLIED INDUSTRIAL TECHNOLOGIES IN
SSB,SOUTHSTATE CORP
CRS,CARPENTER TECHNOLOGY CORP
BECN,BEACON ROOFING SUPPLY INC
MLI,MUELLER INDUSTRIES INC
HALO,HALOZYME THERAPEUTICS INC
CWST,CASELLA WASTE SYSTEMS INC CLASS A
HQY,HEALTHEQUITY INC
ENSG,ENSIGN GROUP INC
EXLS,EXLSERVICE HOLDINGS INC
COOP,MR COOPER GROUP INC
LNTH,LANTHEUS HOLDINGS INC
RKLB,ROCKET LAB USA INC CLASS A
EAT,BRINKER INTERNATIONAL INC
FN,FABRINET
PRMB,PRIMO BRANDS CLASS A CORP
CVLT,COMMVAULT SYSTEMS INC
UMBF,UMB FINANCIAL CORP
UFPI,UFP INDUSTRIES INC
RVMD,REVOLUTION MEDICINES INC
ONB,OLD NATIONAL BANCORP
BMI,BADGER METER INC
AUR,AURORA INNOVATION INC CLASS A
TMHC,TAYLOR MORRISON HOME CORP
FLR,FLUOR CORP
NXT,NEXTRACKER INC CLASS A
SPXC,SPX TECHNOLOGIES INC
LRN,STRIDE INC
TRNO,TERRENO REALTY REIT CORP
ESNT,ESSENT GROUP LTD
EPRT,ESSENTIAL PROPERTIES REALTY TRUST
HLNE,HAMILTON LANE INC CLASS A
GTLS,CHART INDUSTRIES INC
OPCH,OPTION CARE HEALTH INC
SIGI,SELECTIVE INSURANCE GROUP INC
MDGL,MADRIGAL PHARMACEUTICALS INC
ACIW,ACI WORLDWIDE INC
CTRE,CARETRUST REIT INC
WTS,WATTS WATER TECHNOLOGIES INC CLASS
BPMC,BLUEPRINT MEDICINES CORP
GH,GUARDANT HEALTH INC
TGTX,TG THERAPEUTICS INC
HIMS,HIMS HERS HEALTH INC CLASS A
IONQ,IONQ INC
MMSI,MERIT MEDICAL SYSTEMS INC
GATX,GATX CORP
BCPC,BALCHEM CORP
KNF,KNIFE RIVER CORP
CRDO,CREDO TECHNOLOGY GROUP HOLDING LTD
GPI,GROUP AUTOMOTIVE INC
RHP,RYMAN HOSPITALITY PROPERTIES REIT
CORT,CORCEPT THERAPEUTICS INC
NJR,NEW JERSEY RESOURCES CORP
HOMB,HOME BANCSHARES INC
CSWI,CSW INDUSTRIALS INC
RMBS,RAMBUS INC
KTOS,KRATOS DEFENSE AND SECURITY SOLUTI
ADMA,ADMA BIOLOGICS INC
CHX,CHAMPIONX CORP
SPSC,SPS COMMERCE INC
TXNM,TXNM ENERGY INC
JXN,JACKSON FINANCIAL INC CLASS A
CMC,COMMERCIAL METALS
IDCC,INTERDIGITAL INC
BBIO,BRIDGEBIO PHARMA INC
MTH,MERITAGE CORP
AHR,AMERICAN HEALTHCARE REIT INC
FCFS,FIRSTCASH HOLDINGS INC
KRG,KITE REALTY GROUP TRUST REIT
ITRI,ITRON INC
RDN,RADIAN GROUP INC
MOGA,MOOG INC CLASS A
GBCI,GLACIER BANCORP INC
POR,PORTLAND GENERAL ELECTRIC
SWX,SOUTHWEST GAS HOLDINGS INC
CYTK,CYTOKINETICS INC
FSS,FEDERAL SIGNAL CORP
CNX,CNX RESOURCES CORP
QLYS,QUALYS INC
PECO,PHILLIPS EDISON AND COMPANY INC
SR,SPIRE INC
VRNS,VARONIS SYSTEMS INC
JBTM,JBT MAREL CORP
QTWO,Q2 HOLDINGS INC
GKOS,GLAUKOS CORP
BKH,BLACK HILLS CORP
SKY,CHAMPION HOMES INC
OGS,ONE GAS INC
UBSI,UNITED BANKSHARES INC
DY,DYCOM INDUSTRIES INC
ALKS,ALKERMES
IRT,INDEPENDENCE REALTY INC TRUST
CADE,CADENCE BANK
SBRA,SABRA HEALTH CARE REIT INC
ZWS,ZURN ELKAY WATER SOLUTIONS CORP
CWAN,CLEARWATER ANALYTICS HOLDINGS INC
MARA,MARA HOLDINGS INC
ABG,ASBURY AUTOMOTIVE GROUP INC
ESGR,ENSTAR GROUP LTD
HWC,HANCOCK WHITNEY CORP
FFIN,FIRST FINANCIAL BANKSHARES INC
BIPC,BROOKFIELD INFRASTRUCTURE CORP CLA
STRL,STERLING INFRASTRUCTURE INC
BOX,BOX INC CLASS A
KRYS,KRYSTAL BIOTECH INC
CBT,CABOT CORP
ORA,ORMAT TECH INC
AVAV,AEROVIRONMENT INC
NOVT,NOVANTA INC
SANM,SANMINA CORP
AROC,ARCHROCK INC
PBH,PRESTIGE CONSUMER HEALTHCARE INC
PIPR,PIPER SANDLER COMPANIES
ATGE,ADTALEM GLOBAL EDUCATION INC
CNR,CORE NATURAL RESOURCES INC
EXPO,EXPONENT INC
MOD,MODINE MANUFACTURING
ESE,ESCO TECHNOLOGIES INC
ITGR,INTEGER HOLDINGS CORP
CNO,CNO FINANCIAL GROUP INC
VLY,VALLEY NATIONAL
PLMR,PALOMAR HOLDINGS INC
FELE,FRANKLIN ELECTRIC INC
MWA,MUELLER WATER PRODUCTS INC SERIES
BCO,BRINKS
AXSM,AXSOME THERAPEUTICS INC
MMS,MAXIMUS INC
BDC,BELDEN INC
CVCO,CAVCO INDUSTRIES INC
PCVX,VAXCYTE INC
ALE,ALLETE INC
SLG,SL GREEN REALTY REIT CORP
GEO,GEO GROUP INC
CDE,COEUR MINING INC
GLNG,GOLAR LNG LTD
IBP,INSTALLED BUILDING PRODUCTS INC
TENB,TENABLE HOLDINGS INC
CALM,CAL MAINE FOODS INC
ACA,ARCOSA INC
MAC,MACERICH REIT
CBZ,CBIZ INC
LANC,LANCASTER COLONY CORP
MGY,MAGNOLIA OIL GAS CORP CLASS A
NSIT,INSIGHT ENTERPRISES INC
ABCB,AMERIS BANCORP
NWE,NORTHWESTERN ENERGY GROUP INC
ANF,ABERCROMBIE AND FITCH CLASS A
PTCT,PTC THERAPEUTICS INC
TDS,TELEPHONE AND DATA SYSTEMS INC
BCC,BOISE CASCADE
SNEX,STONEX GROUP INC
KAI,KADANT INC
ROAD,CONSTRUCTION PARTNERS INC CLASS A
SKT,TANGER INC
VRRM,VERRA MOBILITY CORP CLASS A
STNE,STONECO LTD CLASS A
SFBS,SERVISFIRST BANCSHARES INC
HL,HECLA MINING
WK,WORKIVA INC CLASS A
SMPL,THE SIMPLY GOOD FOODS COMPANY
BE,BLOOM ENERGY CLASS A CORP
GVA,GRANITE CONSTRUCTION INC
SKYW,SKYWEST INC
AX,AXOS FINANCIAL INC
RYTM,RHYTHM PHARMACEUTICALS INC
LUMN,LUMEN TECHNOLOGIES INC
NHI,NATIONAL HEALTH INVESTORS REIT INC
AVA,AVISTA CORP
KBH,KB HOME
HRI,HERC HOLDINGS INC
MGEE,MGE ENERGY INC
PLXS,PLEXUS CORP
RDNT,RADNET INC
XTSLA,BLK CSH FND TREASURY SL AGENCY
UPST,UPSTART HOLDINGS INC
OTTR,OTTER TAIL CORP
ASB,ASSOCIATED BANCORP
AUB,ATLANTIC UNION BANKSHARES CORP
ENS,ENERSYS
AEIS,ADVANCED ENERGY INDUSTRIES INC
BXMT,BLACKSTONE MORTGAGE TRUST REIT CLA
MATX,MATSON INC
IBOC,INTERNATIONAL BANCSHARES CORP
SHAK,SHAKE SHACK INC CLASS A
PCH,POTLATCHDELTIC CORP
IRTC,IRHYTHM TECHNOLOGIES INC
STEP,STEPSTONE GROUP INC CLASS A
RUSHA,RUSH ENTERPRISES INC CLASS A
CNK,CINEMARK HOLDINGS INC
URBN,URBAN OUTFITTERS INC
KFY,KORN FERRY
ASTS,AST SPACEMOBILE INC CLASS A
SXT,SENSIENT TECHNOLOGIES CORP
PJT,PJT PARTNERS INC CLASS A
FUN,SIX FLAGS ENTERTAINMENT CORP
BNL,BROADSTONE NET LEASE INC
TCBI,TEXAS CAPITAL BANCSHARES INC
OSIS,OSI SYSTEMS INC
CRVL,CORVEL CORP
KTB,KONTOOR BRANDS INC
FTDR,FRONTDOOR INC
PRIM,PRIMORIS SERVICES CORP
NPO,ENPRO INC
RNA,AVIDITY BIOSCIENCES INC
UCB,UNITED COMMUNITY BANKS INC
WDFC,WD-40
MC,MOELIS CLASS A
CPK,CHESAPEAKE UTILITIES CORP
MUR,MURPHY OIL CORP
AWR,AMERICAN STATES WATER
CWT,CALIFORNIA WATER SERVICE GROUP
CDP,COPT DEFENSE PROPERTIES
RELY,REMITLY GLOBAL INC
ICUI,ICU MEDICAL INC
FUL,HB FULLER
GHC,GRAHAM HOLDINGS COMPANY CLASS B
CBU,COMMUNITY FINANCIAL SYSTEM INC
HEES,H AND E EQUIPMENT SERVICES INC
SLAB,SILICON LABORATORIES INC
WSFS,WSFS FINANCIAL CORP
TMDX,TRANSMEDICS GROUP INC
ABM,ABM INDUSTRIES INC
WAY,WAYSTAR HOLDING CORP
WNS,WNS HOLDINGS LTD
DORM,DORMAN PRODUCTS INC
BWIN,BALDWIN INSURANCE GROUP INC CLASS
AVNT,AVIENT CORP
MIR,MIRION TECHNOLOGIES INC CLASS A
HASI,HA SUSTAINABLE INFRASTRUCTURE CAPI
EBC,EASTERN BANKSHARES INC
HAE,HAEMONETICS CORP
BGC,BGC GROUP INC CLASS A
NSP,INSPERITY INC
MHO,M I HOMES INC
FBP,FIRST BANCORP
AKRO,AKERO THERAPEUTICS INC
BUR,BURFORD CAPITAL LTD
FCPT,FOUR CORNERS PROPERTY INC TRUST
GT,GOODYEAR TIRE & RUBBER
ATMU,ATMUS FILTRATION TECHNOLOGIES INC
GMS,GMS INC
CRNX,CRINETICS PHARMACEUTICALS INC
FULT,FULTON FINANCIAL CORP
APLE,APPLE HOSPITALITY REIT INC
INTA,INTAPP INC
PTGX,PROTAGONIST THERAPEUTICS INC
TPH,TRI POINTE HOMES INC
NE,NOBLE CORPORATION PLC
BOOT,BOOT BARN HOLDINGS INC
ACLX,ARCELLX INC
COMP,COMPASS INC CLASS A
NMIH,NMI HOLDINGS INC
DRS,LEONARDO DRS INC
GFF,GRIFFON CORP
SM,SM ENERGY
BOH,BANK OF HAWAII CORP
SATS,ECHOSTAR CORP CLASS A
LTH,LIFE TIME GROUP HOLDINGS INC
FLG,FLAGSTAR FINANCIAL INC
TGNA,TEGNA INC
GNW,GENWORTH FINANCIAL INC
ASO,ACADEMY SPORTS AND OUTDOORS INC
PFSI,PENNYMAC FINANCIAL SERVICES INC
SWTX,SPRINGWORKS THERAPEUTICS INC
FRSH,FRESHWORKS INC CLASS A
BL,BLACKLINE INC
UNF,UNIFIRST CORP
PATK,PATRICK INDUSTRIES INC
PDCO,PATTERSON COMPANIES INC
POWI,POWER INTEGRATIONS INC
HCC,WARRIOR MET COAL INC
JOBY,JOBY AVIATION INC CLASS A
RNST,RENASANT CORP
SOUN,SOUNDHOUND AI INC CLASS A
CPRX,CATALYST PHARMACEUTICALS INC
ASGN,ASGN INC
MGRC,MCGRATH RENT
NUVL,NUVALENT INC CLASS A
WHD,CACTUS INC CLASS A
CRC,CALIFORNIA RESOURCES CORP
LAUR,LAUREATE EDUCATION INC
MRCY,MERCURY SYSTEMS INC
SRRK,SCHOLAR ROCK HOLDING CORP
HURN,HURON CONSULTING GROUP INC
OSCR,OSCAR HEALTH INC CLASS A
INDB,INDEPENDENT BANK CORP
TNET,TRINET GROUP INCINARY
BLKB,BLACKBAUD INC
PRVA,PRIVIA HEALTH GROUP INC
VCYT,VERACYTE INC
WSBC,WESBANCO INC
CXW,CORECIVIC REIT INC
GSHD,GOOSEHEAD INSURANCE INC CLASS A
SITM,SITIME CORP
CATY,CATHAY GENERAL BANCORP
NOG,NORTHERN OIL AND GAS INC
PRGS,PROGRESS SOFTWARE CORP
VCTR,VICTORY CAPITAL HOLDINGS CLASS A I
AKR,ACADIA REALTY TRUST REIT
ALRM,ALARM.COM HOLDINGS INC
BKU,BANKUNITED INC
UE,URBAN EDGE PROPERTIES
YOU,CLEAR SECURE INC CLASS A
AZZ,AZZ INC
ENVA,ENOVA INTERNATIONAL INC
PTEN,PATTERSON UTI ENERGY INC
PRCT,PROCEPT BIOROBOTICS CORP
HWKN,HAWKINS INC
ACHR,ARCHER AVIATION INC CLASS A
CARG,CARGURUS INC CLASS A
CAKE,CHEESECAKE FACTORY INC
CCOI,COGENT COMMUNICATIONS HOLDINGS INC
WD,WALKER & DUNLOP INC
PSMT,PRICESMART INC
SIG,SIGNET JEWELERS LTD
REZI,RESIDEO TECHNOLOGIES INC
TEX,TEREX CORP
CVBF,CVB FINANCIAL CORP
HGV,HILTON GRAND VACATIONS INC
WAFD,WAFD INC
LXP,LXP INDUSTRIAL TRUST
SMMT,SUMMIT THERAPEUTICS INC
TOWN,TOWNEBANK
APAM,ARTISAN PARTNERS ASSET MANAGEMENT
CON,CONCENTRA GROUP HOLDINGS PARENT IN
BANF,BANCFIRST CORP
SFNC,SIMMONS FIRST NATIONAL CORP CLASS
SSRM,SSR MINING INC
GPOR,GULFPORT ENERGY CORP
CURB,CURBLINE PROPERTIES
TWST,TWIST BIOSCIENCE CORP
VIAV,VIAVI SOLUTIONS INC
AI,C3 AI INC CLASS A
VERX,VERTEX INC CLASS A
TBBK,BANCORP INC
IVT,INVENTRUST PROPERTIES CORP
OUT,OUTFRONT MEDIA INC
SLVM,SYLVAMO CORP
FFBC,FIRST FINANCIAL BANCORP
IOSP,INNOSPEC INC
ACVA,ACV AUCTIONS INC CLASS A
YELP,YELP INC
RXO,RXO INC
BANR,BANNER CORP
ALIT,ALIGHT INC CLASS A
PRK,PARK NATIONAL CORP
CNS,COHEN & STEERS INC
EVTC,EVERTEC INC
FIBK,FIRST INTERSTATE BANCSYSTEM INC
FRME,FIRST MERCHANTS CORP
UEC,URANIUM ENERGY CORP
TRN,TRINITY INDUSTRIES INC
EPAC,ENERPAC TOOL GROUP CORP CLASS A
CLSKW,CLEANSPARK INC
JJSF,J AND J SNACK FOODS CORP
ZETA,ZETA GLOBAL HOLDINGS CORP CLASS A
SKWD,SKYWARD SPECIALTY INSURANCE GROUP
ATKR,ATKORE INC
HP,HELMERICH & PAYNE INC
VCEL,VERICEL CORP
RRR,RED ROCK RESORTS ORS CLASS A INC
TRMK,TRUSTMARK CORP
RIOT,RIOT PLATFORMS INC
CALX,CALIX NETWORKS INC
FOLD,AMICUS THERAPEUTICS INC
HNI,HNI CORP
KAR,OPENLANE INC
VAL,VALARIS LTD
AIN,ALBANY INTERNATIONAL CORP CLASS A
HUBG,HUB GROUP INC CLASS A
SYNA,SYNAPTICS INC
VC,VISTEON CORP
FORM,FORMFACTOR INC
SMTC,SEMTECH CORP
LIVN,LIVANOVA PLC
SBCF,SEACOAST BANKING OF FLORIDA
BRZE,BRAZE INC CLASS A
LCII,LCI INDUSTRIES
ENR,ENERGIZER HOLDINGS INC
AEO,AMERICAN EAGLE OUTFITTERS INC
VSEC,VSE CORP
PTON,PELOTON INTERACTIVE CLASS A INC
LBRT,LIBERTY ENERGY INC CLASS A
CHEF,CHEFS WAREHOUSE INC
IPAR,INTERPARFUMS INC
PAR,PAR TECHNOLOGY CORP
PPBI,PACIFIC PREMIER BANCORP INC
TTMI,TTM TECHNOLOGIES INC
BATRK,ATLANTA BRAVES HOLDINGS INC SERIES
LGND,LIGAND PHARMACEUTICALS INC
SG,SWEETGREEN INC CLASS A
AVPT,AVEPOINT INC CLASS A
IGT,INTERNATIONAL GAME TECHNOLOGY PLC
AGX,ARGAN INC
AIR,AAR CORP
MYRG,MYR GROUP INC
OII,OCEANEERING INTERNATIONAL INC
CRK,COMSTOCK RESOURCES INC
DOCN,DIGITALOCEAN HOLDINGS INC
TARS,TARSUS PHARMACEUTICALS INC
PFS,PROVIDENT FINANCIAL SERVICES INC
ALHC,ALIGNMENT HEALTHCARE INC
HE,HAWAIIAN ELECTRIC INDUSTRIES INC
TGI,TRIUMPH GROUP INC
NATL,NCR ATLEOS CORP
STC,STEWART INFO SERVICES CORP
PAYO,PAYONEER GLOBAL INC
MTX,MINERALS TECHNOLOGIES INC
SJW,SJW GROUP
SEM,SELECT MEDICAL HOLDINGS CORP
MQ,MARQETA INC CLASS A
EFSC,ENTERPRISE FINANCIAL SERVICES CORP
SLNO,SOLENO THERAPEUTICS INC
DEI,DOUGLAS EMMETT REIT INC
STRA,STRATEGIC EDUCATION INC
CSGS,CSG SYSTEMS INTERNATIONAL INC
SYBT,STOCK YARDS BANCORP INC
ACAD,ACADIA PHARMACEUTICALS INC
BANC,BANC OF CALIFORNIA INC
BHVN,BIOHAVEN LTD
NBTB,NBT BANCORP INC
ADUS,ADDUS HOMECARE CORP
LMAT,LEMAITRE VASCULAR INC
WERN,WERNER ENTERPRISES INC
CASH,PATHWARD FINANCIAL INC
PHIN,PHINIA INC
OSW,ONESPAWORLD HOLDINGS LTD
GRBK,GREEN BRICK PARTNERS INC
NWN,NORTHWEST NATURAL HOLDING COMPANY
ALG,ALAMO GROUP INC
OI,O I GLASS INC
WLY,JOHN WILEY AND SONS INC CLASS A
KNTK,KINETIK HOLDINGS INC CLASS A
NTB,BANK OF NT BUTTERFIELD & SON LTD
DNOW,DNOW INC
GOLF,ACUSHNET HOLDINGS CORP
TDW,TIDEWATER INC
SHO,SUNSTONE HOTEL INVESTORS REIT INC
AMBA,AMBARELLA INC
RIG,TRANSOCEAN LTD
BUSE,FIRST BUSEY CORP
NVCR,NOVOCURE LTD
OFG,OFG BANCORP
PRDO,PERDOCEO EDUCATION CORP
CCS,CENTURY COMMUNITIES INC
ABR,ARBOR REALTY TRUST REIT INC
CHCO,CITY HOLDING
MTRN,MATERION CORP
SGRY,SURGERY PARTNERS INC
HMN,HORACE MANN EDUCATORS CORP
AGM,FEDERAL AGRICULTURAL MORTGAGE NON
LZB,LA-Z-BOY INC
RAMP,LIVERAMP HOLDINGS INC
LTC,LTC PROPERTIES REIT INC
PGNY,PROGYNY INC
PAGS,PAGSEGURO DIGITAL LTD CLASS A
UPWK,UPWORK INC
DNLI,DENALI THERAPEUTICS INC
PI,IMPINJ INC
ROCK,GIBRALTAR INDUSTRIES INC
BTU,PEABODY ENERGY CORP
STNG,SCORPIO TANKERS INC
DIOD,DIODES INC
RGTI,RIGETTI COMPUTING INC
PLUS,EPLUS
HBI,HANESBRANDS INC
POWL,POWELL INDUSTRIES INC
SXI,STANDEX INTERNATIONAL CORP
AGYS,AGILYSYS INC
BEAM,BEAM THERAPEUTICS INC
AGIO,AGIOS PHARMACEUTICALS INC
MIRM,MIRUM PHARMACEUTICALS INC
REVG,REV GROUP INC
PBF,PBF ENERGY INC CLASS A
SUPN,SUPERNUS PHARMACEUTICALS INC
KGS,KODIAK GAS SERVICES INC
JOE,ST JOE
ICFI,ICF INTERNATIONAL INC
DAN,DANA INCORPORATED INC
FBNC,FIRST BANCORP
UFPT,UFP TECHNOLOGIES INC
TGLS,TECNOGLASS INC
KLIC,KULICKE AND SOFFA INDUSTRIES INC
NNI,NELNET INC CLASS A
NIC,NICOLET BANKSHARES INC
BCRX,BIOCRYST PHARMACEUTICALS INC
GNL,GLOBAL NET LEASE INC
IESC,IES INC
ATRC,ATRICURE INC
RUN,SUNRUN INC
WOR,WORTHINGTON ENTERPRISES INC
FBK,FB FINANCIAL CORP
ALKT,ALKAMI TECHNOLOGY INC
CNMD,CONMED CORP
CENTA,CENTRAL GARDEN AND PET CLASS A
NWBI,NORTHWEST BANCSHARES INC
HLMN,HILLMAN SOLUTIONS CORP
MBC,MASTERBRAND INC
DRH,DIAMONDROCK HOSPITALITY REIT
EXTR,EXTREME NETWORKS INC
ACLS,AXCELIS TECHNOLOGIES INC
IIPR,INNOVATIVE INDUSTRIAL PROPERTIES I
KMT,KENNAMETAL INC
GTY,GETTY REALTY REIT CORP
MCY,MERCURY GENERAL CORP
IDYA,IDEAYA BIOSCIENCES INC
UNFI,UNITED NATURAL FOODS INC
ARCB,ARCBEST CORP
FCF,FIRST COMMONWEALTH FINANCIAL CORP
HI,HILLENBRAND INC
CABO,CABLE ONE INC
EPC,EDGEWELL PERSONAL CARE
SHOO,STEVEN MADDEN LTD
SDGR,SCHRODINGER INC
RPD,RAPID7 INC
KWR,QUAKER HOUGHTON CORP
MGNI,MAGNITE INC
LMND,LEMONADE INC
VSH,VISHAY INTERTECHNOLOGY INC
NMRK,NEWMARK GROUP INC CLASS A
DHT,DHT HOLDINGS INC
ARQT,ARCUTIS BIOTHERAPEUTICS INC
PRKS,UNITED PARKS AND RESORTS INC
RXRX,RECURSION PHARMACEUTICALS INC CLAS
CRGY,CRESCENT ENERGY CLASS A
OMCL,OMNICELL INC
NTCT,NETSCOUT SYSTEMS INC
LKFN,LAKELAND FINANCIAL CORP
SDRL,SEADRILL LTD
AMR,ALPHA METALLURGICAL RESOURCE INC
CUBI,CUSTOMERS BANCORP INC
DESP,DESPEGAR COM CORP
WKC,WORLD KINECT CORP
ASTH,ASTRANA HEALTH INC
DVAX,DYNAVAX TECHNOLOGIES CORP
ELME,ELME
ARWR,ARROWHEAD PHARMACEUTICALS INC
INSW,INTERNATIONAL SEAWAYS INC
PHR,PHREESIA INC
WMK,WEIS MARKETS INC
HTH,HILLTOP HOLDINGS INC
AVDX,AVIDXCHANGE HOLDINGS INC
SMR,NUSCALE POWER CORP CLASS A
GEF,GREIF INC CLASS A
PRM,PERIMETER SOLUTIONS INC
GBX,GREENBRIER INC
STBA,S AND T BANCORP INC
STR,SITIO ROYALTIES CORP CLASS A
TNC,TENNANT
LNN,LINDSAY CORP
ADEA,ADEIA INC
ZD,ZIFF DAVIS INC
NBHC,NATIONAL BANK HOLDINGS CORP CLASS
ALEX,ALEXANDER AND BALDWIN INC
SPNT,SIRIUSPOINT LTD
BHE,BENCHMARK ELECTRONICS INC
KLG,WK KELLOGG
NTST,NETSTREIT CORP
PD,PAGERDUTY INC
WRBY,WARBY PARKER INC CLASS A
ANDE,ANDERSONS INC
VSCO,VICTORIA S SECRET
DBRG,DIGITALBRIDGE GROUP INC CLASS A
STEL,STELLAR BANCORP INC
UTI,UNIVERSAL TECHNICAL INSTITUTE INC
ANIP,ANI PHARMACEUTICALS INC
TVTX,TRAVERE THERAPEUTICS INC
APGE,APOGEE THERAPEUTICS INC
UMH,UMH PROPERTIES INC
WABC,WESTAMERICA BANCORPORATION
VRE,VERIS RESIDENTIAL INC
LADR,LADDER CAPITAL CORP CLASS A
COCO,THE VITA COCO COMPANY INC
UVV,UNIVERSAL CORP
KN,KNOWLES CORP
AGL,AGILON HEALTH
MNKD,MANNKIND CORP
HCI,HCI GROUP INC
WGS,GENEDX HOLDINGS CORP CLASS A
NEO,NEOGENOMICS INC
KYMR,KYMERA THERAPEUTICS INC
JBGS,JBG SMITH PROPERTIES
ASAN,ASANA INC CLASS A
TCBK,TRICO BANCSHARES
PRA,PROASSURANCE CORP
WT,WISDOMTREE INC
MSGE,MADISON SQUARE GARDEN ENTERTAINMEN
BFH,BREAD FINANCIAL HOLDINGS INC
BKD,BROOKDALE SENIOR LIVING INC
CORZ,CORE SCIENTIFIC INC
AMRX,AMNEAL PHARMACEUTICALS INC CLASS A
VYX,NCR VOYIX CORP
TDOC,TELADOC HEALTH INC
CLDX,CELLDEX THERAPEUTICS INC
DFIN,DONNELLEY FINANCIAL SOLUTIONS INC
TWO,TWO HARBORS INVESTMENT CORP
QBTS,D WAVE QUANTUM INC
ARI,APOLLO COMMERCIAL REAL ESTATE FINA
LGIH,LGI HOMES INC
TRUP,TRUPANION INC
UNIT,UNITI GROUP INC
PMT,PENNYMAC MORTGAGE INVESTMENT TRUST
VBTX,VERITEX HOLDINGS INC
SGHC,SUPER GROUP LTD
SAFT,SAFETY INSURANCE GROUP INC
NGVT,INGEVITY CORP
HOPE,HOPE BANCORP INC
OCUL,OCULAR THERAPEUTIX INC
NHC,NATIONAL HEALTHCARE CORP
MSEX,MIDDLESEX WATER
JBLU,JETBLUE AIRWAYS CORP
ARDX,ARDELYX INC
ROOT,ROOT INC CLASS A
PCRX,PACIRA BIOSCIENCES INC
CODI,COMPASS DIVERSIFIED
EIG,EMPLOYERS HOLDINGS INC
CSTM,CONSTELLIUM SE CLASS A
FDP,FRESH DEL MONTE PRODUCE INC
EVRI,EVERI HOLDINGS INC
AMC,AMC ENTERTAINMENT HOLDINGS INC CLA
TNDM,TANDEM DIABETES CARE INC
ATEN,A10 NETWORKS INC
VITL,VITAL FARMS INC
MD,PEDIATRIX MEDICAL GROUP INC
CWK,CUSHMAN AND WAKEFIELD PLC
CGON,CG ONCOLOGY INC
AIV,APARTMENT INVESTMENT AND MANAGEMEN
UPBD,UPBOUND GROUP INC
ATEC,ALPHATEC HOLDNGS INC
CTS,CTS CORP
QCRH,QCR HOLDINGS INC
ACT,ENACT HOLDINGS INC
PLAB,PHOTRONICS INC
HRMY,HARMONY BIOSCIENCES HLDG INC
MLKN,MILLERKNOLL INC
DBD,DIEBOLD NIXDORF INC
IART,INTEGRA LIFESCIENCES HOLDINGS CORP
RLJ,RLJ LODGING TRUST REIT
FLYW,FLYWIRE CORP
BLBD,BLUE BIRD CORP
PRG,PROG HOLDINGS INC
MSFUT,CASH COLLATERAL MSFUT USD
BLX,BANCO LATINOAMERICANO DE COMERCIO
TALO,TALOS ENERGY INC
LC,LENDINGCLUB CORP
CRAI,CRA INTERNATIONAL INC
DOLE,DOLE PLC
TILE,INTERFACE INC
APPN,APPIAN CORP CLASS A
BKE,BUCKLE INC
VICR,VICOR CORP
TFIN,TRIUMPH FINANCIAL INC
BHLB,BERKSHIRE HILLS BANCORP INC
EFC,ELLINGTON FINANCIAL INC
VSAT,VIASAT INC
VRTS,VIRTUS INVESTMENT PARTNERS INC
BBSI,BARRETT BUSINESS SERVICES INC
PEB,PEBBLEBROOK HOTEL TRUST REIT
CCB,COASTAL FINANCIAL CORP
XHR,XENIA HOTELS RESORTS REIT INC
PZZA,PAPA JOHNS INTERNATIONAL INC
AUPH,AURINIA PHARMACEUTICALS INC
AESI,ATLAS ENERGY SOLUTIONS INC
THS,TREEHOUSE FOODS INC
BFC,BANK FIRST CORP
EVH,EVOLENT HEALTH INC CLASS A
RDFN,REDFIN CORP
SOC,SABLE OFFSHORE CORP CLASS A
GABC,GERMAN AMERICAN BANCORP INC
FIZZ,NATIONAL BEVERAGE CORP
ROG,ROGERS CORP
SRCE,1ST SOURCE CORP
HTZ,HERTZ GLOBAL HLDGS INC
ENVX,ENOVIX CORP
CNNE,CANNAE HOLDINGS INC
LEU,CENTRUS ENERGY CORP CLASS A
DX,DYNEX CAPITAL REIT INC
SCL,STEPAN
SFL,SFL LTD
FL,FOOT LOCKER INC
FUBO,FUBOTV INC
EWTX,EDGEWISE THERAPEUTICS INC
COUR,COURSERA INC
APOG,APOGEE ENTERPRISES INC
TPB,TURNING POINT BRANDS INC
ACMR,ACM RESEARCH CLASS A INC
DCOM,DIME COMMUNITY BANCSHARES INC
DXPE,DXP ENTERPRISES INC
PEBO,PEOPLES BANCORP INC
VECO,VEECO INSTRUMENTS INC
USPH,US PHYSICAL THERAPY INC
ESRT,EMPIRE STATE REALTY REIT INC TRUST
SPT,SPROUT SOCIAL INC CLASS A
INMD,INMODE LTD
INVA,INNOVIVA INC
HLX,HELIX ENERGY SOLUTIONS GROUP INC
VRDN,VIRIDIAN THERAPEUTICS ORS INC
HLIT,HARMONIC INC
VRNT,VERINT SYSTEMS INC
XMTR,XOMETRY INC CLASS A
ADNT,ADIENT PLC
AMSF,AMERISAFE INC
DRVN,DRIVEN BRANDS HOLDINGS INC
SONO,SONOS INC
WINA,WINMARK CORP
MCRI,MONARCH CASINO AND RESORT INC
IMAX,IMAX CORP
VERA,VERA THERAPEUTICS INC CLASS A
IRON,DISC MEDICINE INC
CBRL,CRACKER BARREL OLD COUNTRY STORE I
GIII,G III APPAREL GROUP LTD
USLM,UNITED STATES LIME AND MINERALS IN
CSR,CENTERSPACE
NEOG,NEOGEN CORP
TNK,TEEKAY TANKERS LTD CLASS A
GSAT,GLOBALSTAR VOTING INC
DGII,DIGI INTERNATIONAL INC
NN,NEXTNAV INC
AAT,AMERICAN ASSETS TRUST REIT INC
JANX,JANUX THERAPEUTICS INC
SNDX,SYNDAX PHARMACEUTICALS INC
CIM,CHIMERA INVESTMENT CORP
MFA,MFA FINANCIAL INC
NVAX,NOVAVAX INC
LFST,LIFESTANCE HEALTH GROUP INC
UUUU,ENERGY FUELS INC
FBRT,FRANKLIN BSP REALTY TRUST INC
OBK,ORIGIN BANCORP INC
TPC,TUTOR PERINI CORP
BTSG,BRIGHTSPRING HEALTH SERVICES INC
SCS,STEELCASE INC CLASS A
MRC,MRC GLOBAL INC
NEXT,NEXTDECADE CORP
HUT,HUT CORP
EYE,NATIONAL VISION HOLDINGS INC
CDNA,CAREDX INC
AORT,ARTIVION INC
ARLO,ARLO TECHNOLOGIES INC
LMB,LIMBACH HOLDINGS INC
INOD,INNODATA INC
PBI,PITNEY BOWES INC
RSI,RUSH STREET INTERACTIVE INC CLASS
NAVI,NAVIENT CORP
AMPH,AMPHASTAR PHARMACEUTICALS INC
JAMF,JAMF HOLDING CORP
LZ,LEGALZOOM COM INC
OCFC,OCEANFIRST FINANCIAL CORP
JBI,JANUS INTERNATIONAL GROUP INC
UTZ,UTZ BRANDS INC CLASS A
IMKTA,INGLES MARKETS INC CLASS A
MODG,TOPGOLF CALLAWAY BRANDS CORP
IMVT,IMMUNOVANT INC
NVEE,NV5 GLOBAL INC
SAH,SONIC AUTOMOTIVE INC CLASS A
UTL,UNITIL CORP
GOGL,GOLDEN OCEAN GROUP LTD
HLIO,HELIOS TECHNOLOGIES INC
KALU,KAISER ALUMINIUM CORP
QNST,QUINSTREET INC
WWW,WOLVERINE WORLD WIDE INC
LQDA,LIQUIDIA CORP
SBSI,SOUTHSIDE BANCSHARES INC
WGO,WINNEBAGO INDUSTRIES INC
AMWD,AMERICAN WOODMARK CORP
LGFB,LIONS GATE ENTERTAINMENT NON VOTIN
KOS,KOSMOS ENERGY LTD
COLL,COLLEGIUM PHARMACEUTICAL INC
LOB,LIVE OAK BANCSHARES INC
PNTG,PENNANT GROUP INC
GBTG,GLOBAL BUSINESS TRAVEL GROUP INC C
ADPT,ADAPTIVE BIOTECHNOLOGIES CORP
PWP,PERELLA WEINBERG PARTNERS CLASS A
CENX,CENTURY ALUMINUM
IOVA,IOVANCE BIOTHERAPEUTICS INC
FIHL,FIDELIS INSURANCE HOLDINGS LTD
UVSP,UNIVEST FINANCIAL CORP
PENG,PENGUIN SOLUTIONS INC
UCTT,ULTRA CLEAN HOLDINGS INC
BRKL,BROOKLINE BANCORP INC
STAA,STAAR SURGICAL
SBH,SALLY BEAUTY HOLDINGS INC
FOXF,FOX FACTORY HOLDING CORP
ERII,ENERGY RECOVERY INC
CXM,SPRINKLR INC CLASS A
PDM,PIEDMONT OFFICE REALTY TRUST REIT
NXRT,NEXPOINT RESIDENTIAL TRUST INC
THR,THERMON GROUP HOLDINGS INC
PRLB,PROTO LABS INC
TRS,TRIMAS CORP
GDYN,GRID DYNAMICS HOLDINGS INC CLASS A
XPRO,EXPRO GROUP HOLDINGS NV
MXL,MAXLINEAR INC
DK,DELEK US HOLDINGS INC
DEA,EASTERLY GOVERNMENT PROPERTIES INC
SAFE,SAFEHOLD INC
ARR,ARMOUR RESIDENTIAL REIT INC
BV,BRIGHTVIEW HOLDINGS INC
SPNS,SAPIENS INTERNATIONAL NV
KFRC,KFORCE INC
FA,FIRST ADVANTAGE CORP
HG,HAMILTON INSURANCE GROUP LTD CLASS
CNOB,CONNECTONE BANCORP INC
VVX,V2X INC
WS,WORTHINGTON STEEL INC
FMBH,FIRST MID BANCSHARES INC
BLFS,BIOLIFE SOLUTIONS INC
MDXG,MIMEDX GROUP INC
CDRE,CADRE HOLDINGS INC
APLD,APPLIED DIGITAL CORP
WTTR,SELECT WATER SOLUTIONS INC CLASS A
AHCO,ADAPTHEALTH CORP
BY,BYLINE BANCORP INC
SXC,SUNCOKE ENERGY INC
PGRE,PARAMOUNT GROUP REIT INC
HELE,HELEN OF TROY LTD
KNSA,KINIKSA PHARMACEUTICALS INTERNATIO
KW,KENNEDY WILSON HOLDINGS INC
SABR,SABRE CORP
ASTE,ASTEC INDUSTRIES INC
HSII,HEIDRICK AND STRUGGLES INTERNATION
TRNS,TRANSCAT INC
CTBI,COMMUNITY TRUST BANCORP INC
RWT,REDWOOD TRUST REIT INC
NRIX,NURIX THERAPEUTICS INC
NSSC,NAPCO SECURITY TECHNOLOGIES INC
SCSC,SCANSOURCE INC
RDUS,RADIUS RECYCLING INC CLASS A
MMI,MARCUS & MILLICHAP INC
RVLV,REVOLVE GROUP CLASS A INC
DCO,DUCOMMUN INC
NX,QUANEX BUILDING PRODUCTS CORP
IBTA,IBOTTA INC CLASS A
IDT,IDT CORP CLASS B
FWRG,FIRST WATCH RESTAURANT GROUP INC
BLND,BLEND LABS INC CLASS A
GERN,GERON CORP
EXPI,EXP WORLD HOLDINGS INC
THRM,GENTHERM INC
TMP,TOMPKINS FINANCIAL CORP
PLUG,PLUG POWER INC
NTLA,INTELLIA THERAPEUTICS INC
HSTM,HEALTHSTREAM INC
LPG,DORIAN LPG LTD
AVDL,AVADEL PHARMACEUTICALS ORD
PRO,PROS HOLDINGS INC
PCT,PURECYCLE TECHNOLOGIES INC
BELFB,BEL FUSE INC CLASS B
SPRY,ARS PHARMACEUTICALS INC
AAMI,ACADIAN ASSET MANAGEMENT INC
CARS,CARS.COM INC
HROW,HARROW INC
RC,READY CAPITAL CORP
MRTN,MARTEN TRANSPORT LTD
NG,NOVAGOLD RESOURCES INC
PARR,PAR PACIFIC HOLDINGS INC
ECPG,ENCORE CAPITAL GROUP INC
COMM,COMMSCOPE HOLDING INC
FCBC,FIRST COMMUNITY BANKSHARES INC
PL,PLANET LABS CLASS A
FSLY,FASTLY INC CLASS A
CNXN,PC CONNECTION INC
CMPR,CIMPRESS PLC
VTOL,BRISTOW GROUP INC
AMN,AMN HEALTHCARE INC
HFWA,HERITAGE FINANCIAL CORP
VMEO,VIMEO INC
ARIS,ARIS WATER SOLUTIONS INC CLASS A
SPHR,SPHERE ENTERTAINMENT CLASS A
HCSG,HEALTHCARE SERVICES GROUP INC
AMTB,AMERANT BANCORP INC CLASS A
LILAK,LIBERTY LATIN AMERICA LTD CLASS C
MYGN,MYRIAD GENETICS INC
ALGT,ALLEGIANT TRAVEL
DYN,DYNE THERAPEUTICS INC
ETNB,89BIO INC
FLNG,FLEX LNG LTD
ECVT,ECOVYST INC
CWH,CAMPING WORLD HOLDINGS INC CLASS A
IBCP,INDEPENDENT BANK CORP
OEC,ORION SA
OXM,OXFORD INDUSTRIES INC
MBWM,MERCANTILE BANK CORP
BHRB,BURKE HERBERT FINANCIAL SERVICES C
AVXL,ANAVEX LIFE SCIENCES CORP
DAVE,DAVE INC CLASS A
ARRY,ARRAY TECHNOLOGIES INC
MCW,MISTER CAR WASH INC
LQDT,LIQUIDITY SERVICES INC
EMBC,EMBECTA CORP
AXGN,AXOGEN INC
HLF,HERBALIFE LTD
PRAA,PRA GROUP INC
WSR,WHITESTONE REIT
DLX,DELUXE CORP
GRC,GORMAN-RUPP
SPTN,SPARTANNASH
YEXT,YEXT INC
XNCR,XENCOR INC
BDN,BRANDYWINE REALTY TRUST REIT
CAC,CAMDEN NATIONAL CORP
XPEL,XPEL INC
NBN,NORTHEAST BANK
CFFN,CAPITOL FEDERAL FINANCIAL INC
COHU,COHU INC
OSBC,OLD SECOND BANCORP INC
BOW,BOWHEAD SPECIALTY HOLDINGS INC
AMPL,AMPLITUDE INC CLASS A
FG,F&G ANNUITIES AND LIFE INC
AMSC,AMERICAN SUPERCONDUCTOR CORP
HCKT,HACKETT GROUP INC
PLAY,DAVE AND BUSTERS ENTERTAINMENT INC
OLO,OLO INC CLASS A
CVI,CVR ENERGY INC
WULF,TERAWULF INC
ATRO,ASTRONICS CORP
SEZL,SEZZLE INC
TROX,TRONOX HOLDINGS PLC
SHEN,SHENANDOAH TELECOMMUNICATIONS
BBUC,BROOKFIELD BUSINESS CORP CLASS A
NTGR,NETGEAR INC
NBBK,NB BANCORP INC
ZYME,ZYMEWORKS INC
PTLO,PORTILLO S INC CLASS A
PFBC,PREFERRED BANK
RGR,STURM RUGER INC
BLMN,BLOOMIN BRANDS INC
PRSU,PURSUIT ATTRACTIONS AND HOSPITALIT
GOOD,GLADSTONE COMMERCIAL REIT CORP
OPEN,OPENDOOR TECHNOLOGIES INC CLASS A
EOLS,EVOLUS INC
ELVN,ENLIVEN THERAPEUTICS INC
HBNC,HORIZON BANCORP INC
BASE,COUCHBASE INC
JBSS,JOHN B SANFILIPPO AND SON INC
DFH,DREAM FINDERS HOMES INC CLASS A
REX,REX AMERICAN RESOURCES CORP
RYI,RYERSON HOLDING CORP
BXC,BLUELINX HOLDINGS INC
BRSP,BRIGHTSPIRE CAPITAL INC CLASS A
EQBK,EQUITY BANCSHARES INC CLASS A
RBCAA,REPUBLIC BANCORP INC CLASS A
BJRI,BJS RESTAURANTS INC
IIIN,INSTEEL INDUSTRIES INC
PAX,PATRIA INVESTMENTS LTD CLASS A
ADTN,ADTRAN HOLDINGS INC
PRAX,PRAXIS PRECISION MEDICINES INC
ETD,ETHAN ALLEN INTERIORS INC
CLB,CORE LABORATORIES INC
PLYM,PLYMOUTH INDUSTRIAL REIT INC
BFST,BUSINESS FIRST BANCSHARES INC
UFCS,UNITED FIRE GROUP INC
TIPT,TIPTREE INC
ACEL,ACCEL ENTERTAINMENT INC CLASS A
EGBN,EAGLE BANCORP INC
MBIN,MERCHANTS BANCORP
GCMG,GCM GROSVENOR INC CLASS A
IIIV,I3 VERTICALS INC CLASS A
ICHR,ICHOR HOLDINGS LTD
EVER,EVERQUOTE INC CLASS A
SEI,SOLARIS OILFIELD INFRASTRUCTURE IN
SITC,SITE CENTERS CORP
MCB,METROPOLITAN BANK HOLDING CORP
XERS,XERIS BIOPHARMA HOLDINGS INC
WVE,WAVE LIFE SCIENCES LTD
UVE,UNIVERSAL INSURANCE HOLDINGS INC
MATW,MATTHEWS INTERNATIONAL CORP CLASS
GLDD,GREAT LAKES DREDGE AND DOCK CORP
MCBS,METROCITY BANKSHARES INC
HTB,HOMETRUST BANCSHARES INC
MLAB,MESA LABORATORIES INC
SIBN,SI BONE INC
HAFC,HANMI FINANCIAL CORP
SHLS,SHOALS TECHNOLOGIES GROUP INC CLAS
CPF,CENTRAL PACIFIC FINANCIAL CORP
CSTL,CASTLE BIOSCIENCES INC
AVNS,AVANOS MEDICAL INC
ESQ,ESQUIRE FINANCIAL HOLDINGS INC
OSPN,ONESPAN INC
INVX,INNOVEX INTERNATIONAL INC
UDMY,UDEMY INC
IMNM,IMMUNOME INC
CASS,CASS INFORMATION SYSTEMS INC
PPTA,PERPETUA RESOURCES CORP
DEC,DIVERSIFIED ENERGY COMPANY PLC
CECO,CECO ENVIRONMENTAL CORP
ARVN,ARVINAS INC
REAL,THE REALREAL INC
ENFN,ENFUSION INC CLASS A
REPL,REPLIMUNE GROUP INC
THFF,FIRST FINANCIAL CORPORATION CORP
MOFG,MIDWESTONE FINANCIAL GROUP INC
HTBK,HERITAGE COMMERCE CORP
MLNK,MERIDIANLINK INC
AHH,ARMADA HOFFLER PROPERTIES REIT INC
MTUS,METALLUS INC
GNK,GENCO SHIPPING AND TRADING LTD
CEVA,CEVA INC
CCBG,CAPITAL CITY BANK INC
KREF,KKR REAL ESTATE FINANCE INC TRUST
RXST,RXSIGHT INC
BZH,BEAZER HOMES INC
SMBC,SOUTHERN MISSOURI BANCORP INC
CBL,CBL ASSOCIATES PROPERTIES INC
MBUU,MALIBU BOATS CLASS A INC
PDFS,PDF SOLUTIONS INC
OMI,OWENS & MINOR INC
PLOW,DOUGLAS DYNAMICS INC
ASIX,ADVANSIX INC
DJCO,DAILY JOURNAL CORP
SLP,SIMULATIONS PLUS INC
GCI,GANNETT CO INC
LGFA,LIONS GATE ENTERTAINMENT VOTING CO
CSV,CARRIAGE SERVICES INC
RUSHB,RUSH ENTERPRISES INC CLASS B
GSBC,GREAT SOUTHERN BANCORP INC
ORC,ORCHID ISLAND CAPITAL INC
AVBP,ARRIVENT BIOPHARMA INC
BGS,B AND G FOODS INC
IE,IVANHOE ELECTRIC INC
CTO,CTO REALTY GROWTH INC
ORRF,ORRSTOWN FINANCIAL SERVICES INC
VTS,VITESSE ENERGY INC
DAKT,DAKTRONICS INC
SMBK,SMARTFINANCIAL INC
GDEN,GOLDEN ENTERTAINMENT INC
TRST,TRUSTCO BANK CORP
FMNB,FARMERS NATIONAL BANC CORP
FIGS,FIGS INC CLASS A
CAL,CALERES INC
BHB,BAR HARBOR BANKSHARES
CCNE,CNB FINANCIAL CORP
FSBC,FIVE STAR BANCORP
WASH,WASHINGTON TRUST BANCORP INC
AMAL,AMALGAMATED FINANCIAL CORP
UHT,UNIVERSAL HEALTH REALTY INCOME TRU
SYRE,SPYRE THERAPEUTICS INC
NAT,NORDIC AMERICAN TANKERS LTD
VIR,VIR BIOTECHNOLOGY INC
DHC,DIVERSIFIED HEALTHCARE TRUST
WLDN,WILLDAN GROUP INC
KOP,KOPPERS HOLDINGS INC
RCKT,ROCKET PHARMACEUTICALS INC
NYMT,NEW YORK MORTGAGE TRUST REIT INC
HIPO,HIPPO HOLDINGS INC
SMP,STANDARD MOTOR PRODUCTS INC
CIFR,CIPHER MINING INC
NPKI,NPK INTERNATIONAL INC
GRND,GRINDR INC
NNE,NANO NUCLEAR ENERGY INC
AGS,PLAYAGS INC
STGW,STAGWELL INC CLASS A
AIOT,POWERFLEET INC
PSFE,PAYSAFE LTD
PGC,PEAPACK GLADSTONE FINANCIAL CORP
HOV,HOVNANIAN ENTERPRISES INC CLASS A
XRX,XEROX HOLDINGS CORP
KALV,KALVISTA PHARMACEUTICALS INC
REAX,REAL BROKERAGE INC
BBW,BUILD A BEAR WORKSHOP INC
IAS,INTEGRAL AD SCIENCE HOLDING CORP
PKST,PEAKSTONE REALTY TRUST CLASS E
AAOI,APPLIED OPTOELECTRONICS INC
KROS,KEROS THERAPEUTICS INC
MTAL,MAC COPPER LTD
MPB,MID PENN BANCORP INC
PUMP,PROPETRO HOLDING CORP
NVRI,ENVIRI CORP
CRMD,CORMEDIX INC
DNTH,DIANTHUS THERAPEUTICS INC
NGVC,NATURAL GROCERS BY VITAMIN COTTAGE
SBGI,SINCLAIR INC CLASS A
EE,EXCELERATE ENERGY INC CLASS A
FARO,FARO TECHNOLOGIES INC
SLQT,SELECTQUOTE INC
BORR,BORR DRILLING LTD
MEG,MONTROSE ENVIRONMENTAL GRP INC
GOGO,GOGO INC
NABL,N ABLE INC
CLMB,CLIMB GLOBAL SOLUTIONS INC
THRY,THRYV HOLDINGS INC
WRLD,WORLD ACCEPTANCE CORP
OPK,OPKO HEALTH INC
ABUS,ARBUTUS BIOPHARMA CORP
TREE,LENDINGTREE INC
HRTG,HERITAGE INSURANCE HOLDINGS INC
AKBA,AKEBIA THERAPEUTICS INC
GMRE,GLOBAL MEDICAL REIT INC
CCRN,CROSS COUNTRY HEALTHCARE INC
ANAB,ANAPTYSBIO INC
JACK,JACK IN THE BOX INC
TRVI,TREVI THERAPEUTICS INC
LINC,LINCOLN EDUCATIONAL SERVICES CORP
SPFI,SOUTH PLAINS FINANCIAL INC
PX,P10 INC CLASS A
HY,HYSTER YALE INC CLASS A
CTLP,CANTALOUPE INC
TRTX,TPG RE FINANCE TRUST INC
GRPN,GROUPON INC
BATRA,ATLANTA BRAVES HOLDINGS INC SERIES
AVO,MISSION PRODUCE INC
VTLE,VITAL ENERGY INC
CTKB,CYTEK BIOSCIENCES INC
LYTS,LSI INDUSTRIES INC
MLR,MILLER INDUSTRIES INC
FPI,FARMLAND PARTNERS INC
IVR,INVESCO MORTGAGE CAPITAL REIT INC
AROW,ARROW FINANCIAL CORP
YORW,YORK WATER
CVGW,CALAVO GROWERS INC
EBF,ENNIS INC
JELD,JELD WEN HOLDING INC
AMRK,A MARK PRECIOUS METALS INC
KURA,KURA ONCOLOGY INC
EVLV,EVOLV TECHNOLOGIES HOLDINGS INC CL
OFIX,ORTHOFIX MEDICAL INC
NLOP,NET LEASE OFFICE PROPERTIES
CHCT,COMMUNITY HEALTHCARE TRUST INC
WNC,WABASH NATIONAL CORP
ALX,ALEXANDERS REIT INC
RCUS,ARCUS BIOSCIENCES INC
FBIZ,FIRST BUSINESS FINANCIAL SERVICES
MNMD,MIND MEDICINE SUBORDINATE VOTING I
NPK,NATIONAL PRESTO INDUSTRIES INC
NRIM,NORTHRIM BANCORP INC
SWBI,SMITH WESSON BRANDS INC
PRCH,PORCH GROUP INC
CAPR,CAPRICOR THERAPEUTICS INC
RES,RPC INC
FISI,FINANCIAL INSTITUTIONS INC
SHBI,SHORE BANCSHARES INC
CGEM,CULLINAN THERAPEUTICS INC
NCMI,NATIONAL CINEMEDIA INC
INN,SUMMIT HOTEL PROPERTIES REIT INC
OLP,ONE LIBERTY PROPERTIES REIT INC
ARHS,ARHAUS INC CLASS A
AOSL,ALPHA AND OMEGA SEMICONDUCTOR LTD
ODP,ODP CORP
ODC,OIL DRI CORPORATION OF AMERICA
WLFC,WILLIS LEASE FINANCE CORP
PFIS,PEOPLES FINANCIAL SERVICES CORP
HZO,MARINEMAX INC
MNRO,MONRO INC
SAGE,SAGE THERAPEUTICS INC
NFBK,NORTHFIELD BANCORP INC
RDVT,RED VIOLET INC
ALRS,ALERUS FINANCIAL CORP
CMP,COMPASS MINERALS INTERNATIONAL INC
COGT,COGENT BIOSCIENCES INC
CENT,CENTRAL GARDEN AND PET
MGPI,MGP INGREDIENTS INC
CLW,CLEARWATER PAPER CORP
GDOT,GREEN DOT CORP CLASS A
LIF,LIFE360 INC
GLRE,GREENLIGHT CAPITAL LTD CLASS A
NWPX,NORTHWEST PIPE
ETWO,E2OPEN PARENT HOLDINGS INC CLASS A
FLOC,FLOWCO HOLDINGS INC CLASS A
KRUS,KURA SUSHI USA INC
HONE,HARBORONE BANCORP INC
AMBP,ARDAGH METAL PACKAGING SA
MCS,THE MARCUS CORP
BSRR,SIERRA BANCORP
AXL,AMERICAN AXLE AND MANUFACTURING HO
FWRD,FORWARD AIR CORP
RPAY,REPAY HOLDINGS CORP CLASS A
MLYS,MINERALYS THERAPEUTICS INC
PRTA,PROTHENA PLC
IMXI,INTERNATIONAL MONEY EXPRESS INC
ASC,ARDMORE SHIPPING CORP
ZVRA,ZEVRA THERAPEUTICS INC
CMRE,COSTAMARE INC
KODK,EASTMAN KODAK
ZIP,ZIPRECRUITER INC CLASS A
SENEA,SENECA FOODS CORP CLASS A
CLBK,COLUMBIA FINANCIAL INC
OMER,OMEROS CORP
FFIC,FLUSHING FINANCIAL CORP
SRDX,SURMODICS INC
BYRN,BYRNA TECHNOLOGIES INC
APEI,AMERICAN PUBLIC EDUCATION INC
WEAV,WEAVE COMMUNICATIONS INC
SCHL,SCHOLASTIC CORP
EBTC,ENTERPRISE BANCORP INC
HIFS,HINGHAM INSTITUTION FOR SAVINGS
SSTK,SHUTTERSTOCK INC
ITIC,INVESTORS TITLE
EHAB,ENHABIT INC
STKL,SUNOPTA INC
IBRX,IMMUNITYBIO INC
EYPT,EYEPOINT PHARMACEUTICALS INC
CMCO,COLUMBUS MCKINNON CORP
DHIL,DIAMOND HILL INVESTMENT GROUP INC
ANGO,ANGIODYNAMICS INC
PUBM,PUBMATIC INC CLASS A
BMRC,BANK OF MARIN BANCORP
TRML,TOURMALINE BIO INC
PACS,PACS GROUP INC
HNST,THE HONEST COMPANY INC
DAWN,DAY ONE BIOPHARMACEUTICALS INC
CARE,CARTER BANKSHARES INC
AMBC,AMBAC FINANCIAL GROUP INC
URGN,UROGEN PHARMA LTD
DNUT,KRISPY KREME INC
SVRA,SAVARA INC
PAHC,PHIBRO ANIMAL HEALTH CORP CLASS A
HBCP,HOME BANCORP INC
HTLD,HEARTLAND EXPRESS INC
FLGT,FULGENT GENETICS INC
UNTY,UNITY BANCORP INC
BMBL,BUMBLE INC CLASS A
ACNB,ACNB CORP
FOR,FORESTAR GROUP INC
BIGC,BIGCOMMERCE HOLDINGS INC SERIES
TK,TEEKAY CORPORATION CORP LTD
CIVB,CIVISTA BANCSHARES INC
HNRG,HALLADOR ENERGY
CWCO,CONSOLIDATED WATER LTD
EGY,VAALCO ENERGY INC
HBT,HBT FINANCIAL INC
WTBA,WEST BANCORPORATION INC
NUVB,NUVATION BIO INC CLASS A
KRNY,KEARNY FINANCIAL CORP
KELYA,KELLY SERVICES INC CLASS A
TCBX,THIRD COAST BANCSHARES INC
IRMD,IRADIMED CORP
FIP,FTAI INFRASTRUCTURE INC
SNCY,SUN COUNTRY AIRLINES HOLDINGS INC
CRMT,AMERICAS CAR MART INC
TITN,TITAN MACHINERY INC
KIDS,ORTHOPEDIATRICS CORP
MYE,MYERS INDUSTRIES INC
BOC,BOSTON OMAHA CORP CLASS A
BFS,SAUL CENTERS REIT INC
NAGE,NIAGEN BIOSCIENCE INC
CCSI,CONSENSUS CLOUD SOLUTIONS INC
CCO,CLEAR CHANNEL OUTDOOR HOLDINGS INC
PGY,PAGAYA TECHNOLOGIES LTD CLASS A
TWI,TITAN INTERNATIONAL INC
CLDT,CHATHAM LODGING TRUST REIT
MITK,MITEK SYSTEMS INC
GNTY,GUARANTY BANCSHARES INC
LAB,STANDARD BIOTOOLS INC
SEMR,SEMRUSH HOLDINGS INC CLASS A
RLAY,RELAY THERAPEUTICS INC
TALK,TALKSPACE INC
CNDT,CONDUENT INC
OUST,OUSTER INC
TRC,TEJON RANCH
ACCO,ACCO BRANDS CORP
RBBN,RIBBON COMMUNICATIONS INC
ARKO,ARKO
ATEX,ANTERIX INC
ALT,ALTIMMUNE INC
CELC,CELCUITY INC
LASR,NLIGHT INC
PLSE,PULSE BIOSCIENCES INC
INDI,INDIE SEMICONDUCTOR INC CLASS A
VERV,VERVE THERAPEUTICS INC
CRNC,CERENCE INC
AMRC,AMERESCO INC CLASS A
NECB,NORTHEAST COMMUNITY BANCORP INC
ASPI,ASP ISOTOPES INC
FMAO,FARMERS AND MERCHANTS BANCORP INC
IPI,INTREPID POTASH INC
FRPH,FRP HOLDINGS INC
PLPC,PREFORMED LINE PRODUCTS
ASPN,ASPEN AEROGELS INC
CZNC,CITIZENS AND NORTHERN CORP
LUNR,INTUITIVE MACHINES INC CLASS A
BCML,BAYCOM CORP
HPP,HUDSON PACIFIC PROPERTIES REIT INC
PACB,PACIFIC BIOSCIENCES OF CALIFORNIA
MSBI,MIDLAND STATES BANCORP INC
TMCI,TREACE MEDICAL CONCEPTS INC
KLC,KINDERCARE LEARNING COMPANIES INC
TCMD,TACTILE SYSTEMS TECHNOLOGY INC
ATLC,ATLANTICUS HOLDINGS CORP
SFIX,STITCH FIX INC CLASS A
SCVL,SHOE CARNIVAL INC
APPS,DIGITAL TURBINE INC
TTI,TETRA TECHNOLOGIES INC
CLFD,CLEARFIELD INC
DGICA,DONEGAL GROUP INC CLASS A
KE,KIMBALL ELECTRONICS INC
DIN,DINE BRANDS GLOBAL INC
FRBA,FIRST BANK
EVGO,EVGO INC CLASS A
CYH,COMMUNITY HEALTH SYSTEMS INC
NRDS,NERDWALLET INC CLASS A
TBPH,THERAVANCE BIOPHARMA INC
RICK,RCI HOSPITALITY HOLDINGS INC
SVC,SERVICE PROPERTIES TRUST
LENZ,LENZ THERAPEUTICS INC
GCT,GIGACLOUD TECHNOLOGY INC CLASS A
CBAN,COLONY BANKCORP INC
GHM,GRAHAM CORP
LAND,GLADSTONE LAND REIT CORP
BVS,BIOVENTUS CLASS A INC
RBB,RBB BANCORP
FFWM,FIRST FOUNDATION INC
ARDT,ARDENT HEALTH PARTNERS INC
OOMA,OOMA INC
MTSR,METSERA INC
HOUS,ANYWHERE REAL ESTATE INC
CBNK,CAPITAL BANCORP INC
FSBW,FS BANCORP INC
BAND,BANDWIDTH INC CLASS A
ZEUS,OLYMPIC STEEL INC
ORIC,ORIC PHARMACEUTICALS INC
RIGL,RIGEL PHARMACEUTICALS INC
REPX,RILEY EXPLORATION PERMIAN INC
CVLG,COVENANT LOGISTICS GROUP INC CLASS
ALNT,ALLIENT INC
ORGO,ORGANOGENESIS HOLDINGS INC CLASS A
NBR,NABORS INDUSTRIES LTD
CWBC,COMMUNITY WEST BANCSHARES
VREX,VAREX IMAGING CORP
VLGEA,VILLAGE SUPER MARKET INC CLASS A
BWMN,BOWMAN CONSULTING GROUP LTD
LIND,LINDBLAD EXPEDITIONS HOLDINGS INC
SD,SANDRIDGE ENERGY INC
CTRI,CENTURI HOLDINGS INC
FNLC,FIRST BANCORP INC
XPER,XPERI INC
GTN,GRAY MEDIA INC
FLIC,FIRST OF LONG ISLAND CORP
RYAM,RAYONIER ADVANCED MATERIALS INC
NNOX,NANO X IMAGING LTD
BCAL,CALIFORNIA BANCORP
LOVE,LOVESAC COMPANY
RM,REGIONAL MANAGEMENT CORP
ACIC,AMERICAN COASTAL INSURANCE CORP
MTRX,MATRIX SERVICE
CRSR,CORSAIR GAMING INC
GIC,GLOBAL INDUSTRIAL
SIGA,SIGA TECHNOLOGIES INC
SSBK,SOUTHERN STATES BANCSHARES ANNISTO
BWB,BRIDGEWATER BANCSHARES INC
STOK,STOKE THERAPEUTICS INC
RGNX,REGENXBIO INC
NEWT,NEWTEKONE INC
NUS,NU SKIN ENTERPRISES INC CLASS A
MXCT,MAXCYTE INC
HAIN,HAIN CELESTIAL GROUP INC
GEFB,GREIF INC CLASS B
SPOK,SPOK HOLDINGS INC
BBAI,BIGBEAR.AI HOLDINGS INC
CZFS,CITIZENS FINANCIAL SERVICES INC
WOOF,PETCO HEALTH AND WELLNESS COMPANY
KIND,NEXTDOOR HOLDINGS INC CLASS A
LXU,LSB INDUSTRIES INC
METCV,RAMACO RESOURCES INC CLASS A
UIS,UNISYS CORP
USNA,USANA HEALTH SCIENCES INC
CMPO,COMPOSECURE INC CLASS A
MTW,MANITOWOC INC
OBT,ORANGE COUNTY BANCORP INC
TDUP,THREDUP INC CLASS A
SFST,SOUTHERN FIRST BANCSHARES INC
LMNR,LIMONEIRA
MCFT,MASTERCRAFT BOAT HOLDINGS INC
LXFR,LUXFER HOLDINGS PLC
DSGR,DISTRIBUTION SOLUTIONS GROUP INC
ZIMV,ZIMVIE INC
PLBC,PLUMAS BANCORP
MGTX,MEIRAGTX HOLDINGS PLC
BKV,BKV CORP
PCB,PCB BANCORP
RMR,RMR GROUP INC CLASS A
TSBK,TIMBERLAND BANCORP INC
URG,UR ENERGY INC
ABSI,ABSCI CORP
EU,ENCORE ENERGY CORP
NVEC,NVE CORP
HVT,HAVERTY FURNITURE COMPANIES INC
TSVT,2SEVENTY BIO INC
MVIS,MICROVISION INC
ARCT,ARCTURUS THERAPEUTICS HOLDINGS INC
SHYF,SHYFT GROUP INC
AURA,AURA BIOSCIENCES INC
MATV,MATIV HOLDINGS INC
VNDA,VANDA PHARMACEUTICALS INC
DDD,3D SYSTEMS CORP
LOCO,EL POLLO LOCO INC
HDSN,HUDSON TECHNOLOGIES INC
DOMO,DOMO INC CLASS B
PKBK,PARKE BANCORP INC
CYRX,CRYOPORT INC
MAX,MEDIAALPHA INC CLASS A
REFI,CHICAGO ATLANTIC REAL ESTATE FINAN
CLNE,CLEAN ENERGY FUELS CORP
BCAX,BICARA THERAPEUTICS INC
COFS,CHOICEONE FINANCIAL SERVICES INC
GRNT,GRANITE RIDGE RESOURCES INC
NVTS,NAVITAS SEMICONDUCTOR CORP
RDW,REDWIRE CORP
VSTM,VERASTEM INC
GPRE,GREEN PLAINS INC
ASUR,ASURE SOFTWARE INC
RCEL,AVITA MEDICAL INC
LEGH,LEGACY HOUSING CORP
VPG,VISHAY PRECISION GROUP INC
CERS,CERUS CORP
AVAH,AVEANNA HEALTHCARE HOLDINGS INC
PSTL,POSTAL REALTY TRUST INC CLASS A
RRBI,RED RIVER BANCSHARES INC
WSBF,WATERSTONE FINANCIAL INC
CHPT,CHARGEPOINT HOLDINGS INC CLASS A
HCAT,HEALTH CATALYST INC
TRAK,REPOSITRAK INC
SMLR,SEMLER SCIENTIFIC INC
AVIR,ATEA PHARMACEUTICALS INC
BTBT,BIT DIGITAL INC
AEHR,AEHR TEST SYSTEMS
WOW,WIDEOPENWEST INC
TH,TARGET HOSPITALITY CORP
PBPB,POTBELLY CORP
FLNC,FLUENCE ENERGY INC CLASS A
TTGT,TECHTARGET INC
ASLE,AERSALE CORP
BWFG,BANKWELL FINANCIAL GROUP INC
PKE,PARK AEROSPACE CORP
EVCM,EVERCOMMERCE INC
ORN,ORION GROUP INC
OSUR,ORASURE TECHNOLOGIES INC
PDLB,PONCE FINANCIAL GROUP INC
SANA,SANA BIOTECHNOLOGY INC
IMMR,IMMERSION CORP
OIS,OIL STATES INTERNATIONAL INC
DCGO,DOCGO INC
HRTX,HERON THERAPEUTICS INC
TSHA,TAYSHA GENE THERAPIES INC
CMTG,CLAROS MORTGAGE TRUST INC
FC,FRANKLIN COVEY
INBK,FIRST INTERNET BANCORP
SVV,SAVERS VALUE VILLAGE INC
BLZE,BACKBLAZE INC CLASS A
VMD,VIEMED HEALTHCARE INC
BLFY,BLUE FOUNDRY BANCORP
ERAS,ERASCA INC
MOV,MOVADO GROUP INC
MBI,MBIA INC
EGHT,8X8 INC
IBEX,IBEX LTD
GCO,GENESCO INC
PINE,ALPINE INCOME PROPERTY TRUST INC
LFMD,LIFEMD INC
CPS,COOPER STANDARD HOLDINGS INC
HMST,HOMESTREET INC
DSP,VIANT TECHNOLOGY INC CLASS A
GNE,GENIE ENERGY LTD CLASS B
CIO,CITY OFFICE REIT INC
BYON,BEYOND INC
ZUMZ,ZUMIEZ INC
MAMA,MAMAS CREATIONS INC
SWIM,LATHAM GROUP INC
AMCX,AMC NETWORKS CLASS A INC
CRDA,CRAWFORD CLASS A
ACRE,ARES COMMERCIAL REAL ESTATE REIT C
TRDA,ENTRADA THERAPEUTICS INC
MEI,METHODE ELECTRONICS INC
NGS,NATURAL GAS SERVICES GROUP INC
MRVI,MARAVAI LIFESCIENCES HOLDINGS INC
MVBF,MVB FINANCIAL CORP
FDBC,FIDELITY D AND D BANCORP INC
CMCL,CALEDONIA MINING PLC
AVNW,AVIAT NETWORKS INC
CRCT,CRICUT INC CLASS A
FVR,FRONTVIEW REIT INC
HYLN,HYLIION HOLDINGS CORP
FRST,PRIMIS FINANCIAL CORP
ALCO,ALICO INC
OCGN,OCUGEN INC
QTRX,QUANTERIX CORP
GAMB,GAMBLING COM GROUP LTD
RLGT,RADIANT LOGISTIC INC
IAUX,I GOLD CORP
SB,SAFE BULKERS INC
ONIT,ONITY GROUP INC
RNGR,RANGER ENERGY SERVICES INC CLASS A
BRT,BRT APARTMENTS CORP
SPIR,SPIRE GLOBAL INC CLASS A
LCNB,LCNB CORP
TG,TREDEGAR CORP
BRY,BERRY
PGEN,PRECIGEN INC
ESPR,ESPERION THERAPEUTICS INC
INR,INFINITY NATURAL RESOURCES INC CLA
PCYO,PURE CYCLE CORP
WEST,WESTROCK COFFEE
GLUE,MONTE ROSA THERAPEUTICS INC
SEAT,VIVID SEATS INC CLASS A
CTOS,CUSTOM TRUCK ONE SOURCE INC
MBCN,MIDDLEFIELD BANC CORP
AQST,AQUESTIVE THERAPEUTICS INC
MG,MISTRAS GROUP INC
ALLO,ALLOGENE THERAPEUTICS INC
RGP,RESOURCES CONNECTION INC
BKSY,BLACKSKY TECHNOLOGY INC CLASS A
ATXS,ASTRIA THERAPEUTICS INC
FULC,FULCRUM THERAPEUTICS INC
CBLL,CERIBELL INC
USCB,USCB FINANCIAL HOLDINGS INC CLASS
FSTR,LB FOSTER
DC,DAKOTA GOLD CORP
EVEX,EVE HOLDING INC
CMPX,COMPASS THERAPEUTICS
SKYT,SKYWATER TECHNOLOGY INC
BSVN,BANK7 CORP
JMSB,JOHN MARSHALL BANCORP INC
TBCH,TURTLE BEACH CORP
KLTR,KALTURA INC
OLMA,OLEMA PHARMACEUTICALS INC
NWFL,NORWOOD FINANCIAL CORP
MITT,AG MORTGAGE INVESTMENT TRUST REIT
DMRC,DIGIMARC CORP
EB,EVENTBRITE CLASS A INC
ATNI,ATN INTERNATIONAL INC
XPOF,XPONENTIAL FITNESS INC CLASS A
ITOS,ITEOS THERAPEUTICS INC
OVLY,OAK VALLEY BANCORP
GRDN,GUARDIAN PHARMACY SERVICES INC CLA
BCBP,BCB BANCORP INC
MFIN,MEDALLION FINANCIAL CORP
LILA,LIBERTY LATIN AMERICA LTD CLASS A
ULH,UNIVERSAL LOGISTICS INC
TYRA,TYRA BIOSCIENCES INC
INSE,INSPIRED ENTERTAINMENT INC
BYND,BEYOND MEAT INC
ISTR,INVESTAR HOLDING CORP
LSEA,LANDSEA HOMES CORP
OLPX,OLAPLEX HOLDINGS INC
YMAB,Y MABS THERAPEUTICS INC
VABK,VIRGINIA NATIONAL BANKSHARES CORP
LUNG,PULMONX CORP
SEVN,SEVEN HILLS REALTY TRUST
PHLT,PERFORMANT HEALTHCARE INC
GETY,GETTY IMAGES HOLDINGS INC CLASS A
CDXS,CODEXIS INC
TERN,TERNS PHARMACEUTICALS INC
SLDP,SOLID POWER INC CLASS A
ANIK,ANIKA THERAPEUTICS INC
CRDF,CARDIFF ONCOLOGY INC
ATLO,AMES NATIONAL CORP
RAPP,RAPPORT THERAPEUTICS INC
ILPT,INDUSTRIAL LOGISTICS PROPERTIES TR
OABI,OMNIAB INC
AIP,ARTERIS INC
INGN,INOGEN INC
JRVR,JAMES RIVER GROUP HOLDINGS LTD
OPFI,OPPFI INC CLASS A
QUAD,QUAD GRAPHICS INC CLASS A
NATH,NATHANS FAMOUS INC
RMNI,RIMINI STREET INC
CHMG,CHEMUNG FINANCIAL CORP
BPRN,PRINCETON BANCORP INC
AEVA,AEVA TECHNOLOGIES INC
EAF,GRAFTECH INTERNATIONAL LTD
MYFW,FIRST WESTERN FINANCIAL INC
VEL,VELOCITY FINANCIAL INC
FVCB,FVCBANKCORP INC
SLRN,ACELYRIN INC
GCBC,GREENE COUNTY BANCORP INC
SAMG,SILVERCREST ASSET MANAGEMENT GROUP
PAL,PROFICIENT AUTO LOGISTICS INC
PKOH,PARK OHIO HOLDINGS CORP
NKSH,NATIONAL BANKSHARES INC
BARK,BARK INC CLASS A
JAKK,JAKKS PACIFIC INC
ONEW,ONEWATER MARINE CLASS A INC
XOMA,XOMA ROYALTY CORP
PHAT,PHATHOM PHARMACEUTICALS INC
CRGX,CARGO THERAPEUTICS INC
PRTH,PRIORITY TECHNOLOGY HOLDINGS INC
DENN,DENNYS CORP
OPRX,OPTIMIZERX CORP
FET,FORUM ENERGY TECHNOLOGIES INC
FFNW,FIRST FINANCIAL NORTHWEST INC
KRO,KRONOS WORLDWIDE INC
PACK,RANPAK HOLDINGS CORP CLASS A
NPCE,NEUROPACE INC
NRC,NATIONAL RESEARCH CORP
WEYS,WEYCO GROUP INC
UPB,UPSTREAM BIO INC
ESSA,ESSA BANCORP INC
SSTI,SOUNDTHINKING INC
FLXS,FLEXSTEEL INDUSTRIES INC
PVBC,PROVIDENT BANCORP INC
MEC,MAYVILLE ENGINEERING COMPANY INC
BH,BIGLARI HOLDINGS INCINARY CLASS B
SMRT,SMARTRENT INC CLASS A
HUMA,HUMACYTE INC
KRT,KARAT PACKAGING INC
FNKO,FUNKO INC CLASS A
LFCR,LIFECORE BIOMEDICAL INC
BBNX,BETA BIONICS INC
MDWD,MEDIWOUND LTD
BLDE,BLADE AIR MOBILITY INC CLASS A
MED,MEDIFAST INC
III,INFORMATION SERVICES GROUP INC
HBB,HAMILTON BEACH BRANDS HOLDING COMP
NATR,NATURES SUNSHINE PRODUCTS INC
RGCO,RGC RESOURCES INC
NGNE,NEUROGENE INC
ANNX,ANNEXON INC
TLS,TELOS CORPORATION CORP
FDMT,4D MOLECULAR THERAPEUTICS INC
BBCP,CONCRETE PUMPING HOLDINGS INC
PANL,PANGAEA LOGISTICS SOLUTIONS LTD
VYGR,VOYAGER THERAPEUTICS INC
FSP,FRANKLIN STREET PROPERTIES REIT CO
WBTN,WEBTOON ENTERTAINMENT INC
HFFG,HF FOODS GROUP INC
TTSH,TILE SHOP HOLDINGS INC
CTGO,CONTANGO ORE INC
NC,NACCO INDUSTRIES INC CLASS A
ARAY,ACCURAY INC
QSI,QUANTUM SI INC CLASS A
SSP,EW SCRIPPS CLASS A
ULCC,FRONTIER GROUP HOLDINGS INC
DH,DEFINITIVE HEALTHCARE CORP CLASS A
NXDT,NEXPOINT DIVERSIFIED REAL ESTATE T
SGC,SUPERIOR GROUP OF COMPANIES INC
FLWS,1-800 FLOWERS.COM INC CLASS A
ESCA,ESCALADE INC
HPK,HIGHPEAK ENERGY INC
REI,RING ENERGY INC
MNTK,MONTAUK RENEWABLES INC
PEBK,PEOPLES BANCORP OF NORTH CAROLINA
INBX,INHIBRX BIOSCIENCES INC
RSVR,RESERVOIR MEDIA INC
RMAX,RE MAX HOLDINGS INC CLASS A
LE,LAND END INC
TBI,TRUEBLUE INC
PMTS,CPI CARD GROUP INC
OB,OUTBRAIN INC
PESI,PERMA FIX ENVIRONMENTAL SERVICES I
POWW,AMMO INC
ADV,ADVANTAGE SOLUTIONS INC CLASS A
PBFS,PIONEER BANCORP INC
RGLS,REGULUS THERAPEUTICS INC
TCX,TUCOWS INC
CADL,CANDEL THERAPEUTICS INC
SMID,SMITH MIDLAND CORP
CTRN,CITI TRENDS INC
ZBIO,ZENAS BIOPHARMA INC
HSHP,HIMALAYA SHIPPING LTD
SNBR,SLEEP NUMBER CORP
CHRS,COHERUS BIOSCIENCES INC
BHR,BRAEMAR HOTELS RESORTS INC
ONTF,ON24 INC
EPM,EVOLUTION PETROLEUM CORP
SKYH,SKY HARBOUR GROUP CORP CLASS A
BOOM,DMC GLOBAL INC
NREF,NEXPOINT REAL ESTATE FINANCE INC
PBYI,PUMA BIOTECHNOLOGY INC
NKTR,NEKTAR THERAPEUTICS
EVC,ENTRAVISION COMMUNICATIONS CORP CL
FENC,FENNEC PHARMACEUTICALS INC
CDZI,CADIZ INC
VIRC,VIRCO MANUFACTURING CORP
WTI,W AND T OFFSHORE INC
TE,T1 ENERGY INC
ALTG,ALTA EQUIPMENT GROUP INC CLASS A
MASS,908 DEVICES INC
LNKB,LINKBANCORP INC
PLL,PIEDMONT LITHIUM INC
ACDC,PROFRAC HOLDING CLASS A CORP
PNRG,PRIMEENERGY RESOURCES CORP
MYPS,PLAYSTUDIOS INC CLASS A
KFS,KINGSWAY FINANCIAL SERVICES INC
LWLG,LIGHTWAVE LOGIC INC
FATE,FATE THERAPEUTICS INC
FORR,FORRESTER RESEARCH INC
SEPN,SEPTERNA INC
ALDX,ALDEYRA THERAPEUTICS INC
LZM,LIFEZONE METALS LTD
MLP,MAUI LAND AND PINEAPPLE INC
ALTI,ALTI GLOBAL INC CLASS A
DSGN,DESIGN THERAPEUTICS INC
SMHI,SEACOR MARINE HOLDINGS INC
THRD,THIRD HARMONIC BIO INC
TRUE,TRUECAR INC
BRCC,BRC INC CLASS A
ARQ,ARQ INC
SMTI,SANARA MEDTECH INC
RNAC,CARTESIAN THERAPEUTICS INC
JYNT,JOINT CORP
CMT,CORE MOLDING TECHNOLOGIES INC
LWAY,LIFEWAY FOODS INC
ALMS,ALUMIS INC
IRWD,IRONWOOD PHARMA INC CLASS A
EDIT,EDITAS MEDICINE INC
CURV,TORRID HOLDINGS INC
NODK,NI HOLDINGS INC
GENC,GENCOR INDUSTRIES INC
IHRT,IHEARTMEDIA INC CLASS A
LESL,LESLIES INC
NRDY,NERDY INC CLASS A
CATX,PERSPECTIVE THERAPEUTICS INC
EWCZ,EUROPEAN WAX CENTER INC CLASS A
ENTA,ENANTA PHARMACEUTICALS INC
RELL,RICHARDSON ELECTRONICS LTD
AOMR,ANGEL OAK MORTGAGE REIT INC
LAW,CS DISCO INC
FF,FUTUREFUEL CORP
DBI,DESIGNER BRANDS INC CLASS A
STRS,STRATUS PROPERTIES INC
MRAM,EVERSPIN TECHNOLOGIES INC
SRI,STONERIDGE INC
LAZR,LUMINAR TECHNOLOGIES INC CLASS A
AMPY,AMPLIFY ENERGY CORP
AVD,AMER VANGUARD CORP
AFCG,ADVANCED FLOWER CAPITAL INC
UTMD,UTAH MEDICAL PRODUCTS INC
INMB,INMUNE BIO INC
NKTX,NKARTA INC
SNDA,SONIDA SENIOR LIVING INC
KOD,KODIAK SCIENCES INC
RXT,RACKSPACE TECHNOLOGY INC
BELFA,BEL FUSE INC CLASS A
AEYE,AUDIOEYE INC
CVRX,CVRX INC
ACTG,ACACIA RESEARCH CORP
ADCT,ADC THERAPEUTICS SA
SES,SES AI CORP CLASS A
STXS,STEREOTAXIS INC
JOUT,JOHNSON OUTDOORS INC CLASS A
SCPH,SCPHARMACEUTICALS INC
RCKY,ROCKY BRANDS INC
INFU,INFUSYSTEM HOLDINGS INC
SERA,SERA PROGNOSTICS INC CLASS A
PLRX,PLIANT THERAPEUTICS INC
PAMT,PAMT CORP
FHTX,FOGHORN THERAPEUTICS
HLLY,HOLLEY INC
GPMT,GRANITE POINT MORTGAGE TRUST INC
SGHT,SIGHT SCIENCES INC
EML,EASTERN
ONL,ORION PROPERTIES INC
HOFT,HOOKER FURNISHINGS CORP
FLL,FULL HOUSE RESORTS INC
SUNS,SUNRISE REALTY TRUST INC
TSQ,TOWNSQUARE MEDIA INC CLASS A
MAPS,WM TECHNOLOGY INC CLASS A
JILL,J JILL INC
GWRS,GLOBAL WATER RESOURCES INC
BTMD,BIOTE CORP CLASS A
LPRO,OPEN LENDING CORP
KRRO,KORRO BIO INC
CLAR,CLARUS CORP
STHO,STAR HOLDINGS SHARES OF BENEFICIAL
MHLD,MAIDEN HOLDINGS LTD
MBX,MBX BIOSCIENCES INC
EGAN,EGAIN CORP
PROK,PROKIDNEY CORP CLASS A
EVI,EVI INDUSTRIES INC
OFLX,OMEGA FLEX INC
LRMR,LARIMAR THERAPEUTICS INC
TTEC,TTEC HOLDINGS INC
TAYD,TAYLOR DEVICES INC
ATOS,ATOSSA THERAPEUTICS INC
MGNX,MACROGENICS INC
ZNTL,ZENTALIS PHARMACEUTICALS INC
FCEL,FUELCELL ENERGY INC
VERU,VERU INC
CCCC,C4 THERAPEUTICS INC
NNBR,NN INC
UP,WHEELS UP EXPERIENCE INC CLASS A
ALEC,ALECTOR INC
QIPT,QUIPT HOME MEDICAL CORP
RILY,B RILEY FINANCIAL INC
PAYS,PAYSIGN INC
EP,EMPIRE PETROLEUM CORP
LYEL,LYELL IMMUNOPHARMA INC
CRBP,CORBUS PHARMACEUTICALS HOLDINGS IN
IRBT,IROBOT CORP
GPRO,GOPRO INC CLASS A
LCTX,LINEAGE CELL THERAPEUTICS INC
PRME,PRIME MEDICINE INC
MAZE,MAZE THERAPEUTICS INC
LXEO,LEXEO THERAPEUTICS INC
FRGE,FORGE GLOBAL HOLDINGS INC
CPSS,CONSUMER PORTFOLIO SERVICES INC
NRGV,ENERGY VAULT HOLDINGS INC
REKR,REKOR SYSTEMS INC
BLNK,BLINK CHARGING
GEOS,GEOSPACE TECHNOLOGIES CORP
CDLX,CARDLYTICS INC
SPCE,VIRGIN GALACTIC HOLDINGS INC SHS C
VTYX,VENTYX BIOSCIENCES INC
SKIN,BEAUTY HEALTH COMPANY CLASS A CLAS
ACHV,ACHIEVE LIFE SCIENCES INC
QUIK,QUICKLOGIC CORP
NL,NL INDUSTRIES INC
CRBU,CARIBOU BIOSCIENCES INC
MPX,MARINE PRODUCTS CORP
ADVM,ADVERUM BIOTECHNOLOGIES INC
TNGX,TANGO THERAPEUTICS INC
WALD,WALDENCAST PLC CLASS A
CRVO,CERVOMED INC
SLDB,SOLID BIOSCIENCES INC
INO,INOVIO PHARMACEUTICALS INC
LXRX,LEXICON PHARMACEUTICALS INC
SAVA,CASSAVA SCIENCES INC
GYRE,GYRE THERAPEUTICS INC
OBIO,ORCHESTRA BIOMED HOLDINGS INC
BDTX,BLACK DIAMOND THERAPEUTICS INC
TUSK,MAMMOTH ENERGY SERVICES INC
GOCO,GOHEALTH INC CLASS A
STEM,STEM INC
TWIN,TWIN DISC INC
EEX,EMERALD HOLDING INC
ISPR,ISPIRE TECHNOLOGY INC
RHLD,RESOLUTE HOLDINGS MANAGEMENT INC
ZURA,ZURA BIO LTD CLASS A
STKS,ONE GROUP HOSPITALITY INC
STRW,STRAWBERRY FIELDS REIT INC
NMRA,NEUMORA THERAPEUTICS INC
DXLG,DESTINATION XL GROUP INC
TCRX,TSCAN THERAPEUTICS INC
AMTX,AEMETIS INC
AGEN,AGENUS INC
HLVX,HILLEVAX INC
DIBS,1STDIBS COM INC
GRWG,GROWGENERATION CORP
CHGG,CHEGG INC
CABA,CABALETTA BIO INC
XBIT,XBIOTECH INC
COOK,TRAEGER INC
CLPR,CLIPPER REALTY INC
INNV,INNOVAGE HOLDING CORP
CSTE,CAESARSTONE LTD
GLSI,GREENWICH LIFESCIENCES INC
AVTE,AEROVATE THERAPEUTICS INC
HQI,HIREQUEST INC
INZY,INOZYME PHARMA INC
VRA,VERA BRADLEY INC
BIOA,BIOAGE LABS INC
BMEA,BIOMEA FUSION INC
ANRO,ALTO NEUROSCIENCE INC
VCSA,VACASA INC CLASS A
VHI,VALHI INC
NOTE,FISCALNOTE HOLDINGS INC CLASS A
PYXS,PYXIS ONCOLOGY INC
JSPR,JASPER THERAPEUTICS INC
ADRO,CHINOOK THERAPEUTICS INC
KYTX,KYVERNA THERAPEUTICS INC
IVVD,INVIVYD INC
LVO,LIVEONE INC
NPWR,NET POWER INC CLASS A
CTNM,CONTINEUM THERAPEUTICS INC CLASS A
TELO,TELOMIR PHARMACEUTICALS INC
VTSI,VIRTRA INC
STRO,SUTRO BIOPHARMA INC
METCB,RAMACO RESOURCES INC CLASS B
GUTS,FRACTYL HEALTH INC
BLUE,BLUEBIRD BIO INC
NTIC,NORTHERN TECHNOLOGIES INTERNATIONA
MGX,METAGENOMI INC
LCUT,LIFETIME BRANDS INC
RENB,RENOVARO INC
ARTV,ARTIVA BIOTHERAPEUTICS INC
APLT,APPLIED THERAPEUTICS INC
ULBI,ULTRALIFE CORP
ATNM,ACTINIUM PHARMACEUTICALS INC
INH,INHIBRX INC CVR
CLYM,CLIMB BIO INC
NAUT,NAUTILUS BIOTECHNOLGY INC
ABOS,ACUMEN PHARMACEUTICALS INC
XFOR,X4 PHARMACEUTICALS INC
AMPX,AMPRIUS TECHNOLOGIES INC
GMGI,GOLDEN MATRIX GROUP INC
RDZN,ROADZEN INC
MRSN,MERSANA THERAPEUTICS INC
RMBL,RUMBLEON INC CLASS B
TPIC,TPI COMPOSITES INC
VALU,VALUE LINE INC
AISP,AIRSHIP AI HOLDINGS INC CLASS A
LVWR,LIVEWIRE GROUP INC
CIX,COMPX INTERNATIONAL INC CLASS A
ZYXI,ZYNEX INC
TCI,TRANSCONTINENTAL REALTY INVESTORS
STTK,SHATTUCK LABS INC
PRPL,PURPLE INNOVATION INC
OTLK,OUTLOOK THERAPEUTICS INC
MKTW,MARKETWISE INC CLASS A
TLYS,TILLYS INC CLASS A
FBLG,FIBROBIOLOGICS INC
SWKH,SWK HOLDINGS CORP
CVGI,COMMERCIAL VEHICLE GROUP INC
QRHC,QUEST RESOURCE HOLDING CORP
AKYA,AKOYA BIOSCIENCES INC
SVCO,SILVACO GROUP INC
SMXT,SOLARMAX TECHNOLOGY INC SHS
TNYA,TENAYA THERAPEUTICS INC
CBUS,CIBUS INC CLASS A
SKYE,SKYE BIOSCIENCE INC
HOWL,WEREWOLF THERAPEUTICS INC
DLHC,DLH HOLDINGS CORP
AIRS,AIRSCULPT TECHNOLOGIES INC
PROP,PRAIRIE OPERATING
RAPT,RAPT THERAPEUTICS INC
LNZA,LANZATECH GLOBAL INC
ZSPC,ZSPACE
IPSC,CENTURY THERAPEUTICS INC
NOVA,SUNNOVA ENERGY INTERNATIONAL INC
PEPG,PEPGEN INC
ACRV,ACRIVON THERAPEUTICS INC
GALT,GALECTIN THERAPEUTICS INC
ELEV,ELEVATION ONCOLOGY INC
IGMS,IGM BIOSCIENCES INC
GBIO,GENERATION BIO
ALXO,ALX ONCOLOGY HOLDINGS INC
OVID,OVID THERAPEUTICS INC
AFRI,FORAFRIC GLOBAL PLC
SLND,SOUTHLAND HOLDINGS INC
BOLD,BOUNDLESS BIO INC
ARL,AMERICAN REALTY INVESTORS INC
HBIO,HARVARD BIOSCIENCE INC
QTTB,Q32 BIO INC
SCWO,374WATER INC
VGAS,VERDE CLEAN FUELS INC CLASS A
PRLD,PRELUDE THERAPEUTICS INC
GCTS,GCT SEMICONDUCTOR HOLDING INC
CAMP,CAMP4 THERAPEUTICS CORP
MODV,MODIVCARE INC
VRCA,VERRICA PHARMACEUTICALS INC
-,SCILEX HOLDING Prvt
OPAD,OFFERPAD SOLUTIONS INC CLASS A
SST,SYSTEM1 INC CLASS A
DTI,DRILLING TOOLS INTERNATIONAL CORP
LYRA,LYRA THERAPEUTICS INC
UHG,UNITED HOMES INC CLASS A
-,PULSE BIOSCIENCE INC WARRANTS
ADRO,CHINOOK THERAPEUTICS INC CVR
DTC,SOLO BRANDS INC CLASS A
WLLBW,CHORD ENERGY EQUITY WARRANTS SERIE
GTXI,GTXI INC - CVR
MARGIN_USD,FUTURES USD MARGIN BALANCE
CAD,CAD CASH
ETD_USD,ETD USD BALANCE WITH R93535
PDLI,PDL BIOPHARMA INC
P5N994,Petrocorp Inc Escrow
SBT,STERLING BANCORP INC
-,OMNIAB INC $15.00 VESTING Prvt
-,OMNIAB INC $12.50 VESTING Prvt
RTYM5,RUSSELL 2000 EMINI CME JUN 25
USD,USD CASH
